Index,node_1,node_2,matched_peaks,total_peaks,matching_score,rt_gap,mz_gap,status,Fragnotation,Adnotation,All_annotations
0,3,510,5.0,35.0,0.14,-0.696,44.9976,frag_edge,,,44.9976
1,3,46,18.0,56.0,0.32,-0.502,41.0265,frag_edge,,,41.0265
2,12,596,3.0,28.0,0.11,0.121,76.0082,frag_edge,,,76.0082
3,23,510,7.0,20.0,0.35,-0.321,41.0267,frag_edge,,,41.0267
4,26,233,15.0,47.0,0.32,0.313,294.2198,frag_edge,,,294.2198
5,37,18,9.0,50.0,0.18,-4.901,0.1515,frag_edge,,,0.1515
6,46,510,7.0,53.0,0.13,-0.194,3.9711,frag_edge,,,3.9711
7,61,78,29.0,62.0,0.47,-0.038,17.027,frag_edge,,,17.027
8,79,233,12.0,41.0,0.29,0.576,336.2296,frag_edge,,,336.2296
9,89,233,12.0,35.0,0.34,0.835,354.2407,frag_edge,,,354.2407
10,107,341,8.0,59.0,0.14,2.865,53.0477,frag_edge,,,53.0477
11,107,298,25.0,59.0,0.42,5.071,17.0266,frag_edge,,,17.0266
12,138,1011,8.0,41.0,0.2,-5.395,92.0294,frag_edge,,,92.0294
13,143,443,5.0,34.0,0.15,-1.14,46.0055,frag_edge,HCOOH,,HCOOH
14,160,1986,4.0,29.0,0.14,0.436,74.073,frag_edge,,,74.073
15,160,977,3.0,31.0,0.1,0.792,130.1357,frag_edge,,,130.1357
16,220,234,38.0,80.0,0.47,0.624,17.0268,frag_edge,,,17.0268
17,250,1048,5.0,37.0,0.14,-0.28,92.0289,frag_edge,,,92.0289
18,259,487,4.0,32.0,0.12,0.533,75.0687,frag_edge,,,75.0687
19,291,787,6.0,20.0,0.3,-3.238,41.0266,frag_edge,,,41.0266
20,298,341,8.0,37.0,0.22,-2.206,36.0211,frag_edge,H4O2,,H4O2
21,304,282,6.0,36.0,0.17,0.791,28.0313,frag_edge,C2H4,,C2H4
22,308,1074,5.0,31.0,0.16,1.243,18.0098,frag_edge,H2O,,H2O
23,357,377,6.0,25.0,0.24,-2.395,46.0058,frag_edge,HCOOH,,HCOOH
24,357,359,13.0,35.0,0.37,-0.441,18.0106,frag_edge,H2O,,H2O
25,358,363,15.0,40.0,0.38,5.622,18.0099,frag_edge,H2O,,H2O
26,359,377,8.0,26.0,0.31,-1.954,27.9952,frag_edge,CO,,CO
27,366,365,4.0,27.0,0.15,0.0,41.0264,frag_edge,,,41.0264
28,398,372,15.0,39.0,0.38,4.913,18.0106,frag_edge,H2O,,H2O
29,448,450,41.0,78.0,0.53,-0.546,18.0115,frag_edge,H2O,,H2O
30,448,455,12.0,53.0,0.23,-0.172,252.2091,frag_edge,,,252.2091
31,448,471,7.0,52.0,0.13,0.124,226.1933,frag_edge,,,226.1933
32,448,460,10.0,67.0,0.15,0.124,36.021,frag_edge,H4O2,,H4O2
33,450,471,7.0,64.0,0.11,0.67,208.1818,frag_edge,,,208.1818
34,450,460,10.0,79.0,0.13,0.67,18.0095,frag_edge,,,18.0095
35,450,455,13.0,62.0,0.21,0.374,234.1976,frag_edge,,,234.1976
36,451,455,12.0,57.0,0.21,-0.296,270.2196,frag_edge,,,270.2196
37,451,471,7.0,59.0,0.12,0.0,244.2038,frag_edge,,,244.2038
38,451,462,10.0,48.0,0.21,-1.035,318.2922,frag_edge,,,318.2922
39,451,448,40.0,76.0,0.53,-0.124,18.0105,frag_edge,H2O,,H2O
40,474,455,5.0,30.0,0.17,1.197,287.246,frag_edge,,,287.246
41,483,478,12.0,38.0,0.32,-3.24,41.0265,frag_edge,,,41.0265
42,484,578,7.0,16.0,0.44,4.004,82.0532,frag_edge,,,82.0532
43,490,455,9.0,45.0,0.2,-8.432,283.2161,frag_edge,,,283.2161
44,503,534,9.0,54.0,0.17,8.498,18.0089,frag_edge,,,18.0089
45,503,531,12.0,38.0,0.32,3.563,140.0458,frag_edge,,,140.0458
46,504,531,10.0,41.0,0.24,-0.455,217.0952,frag_edge,,,217.0952
47,506,531,5.0,35.0,0.14,-0.078,222.0506,frag_edge,,,222.0506
48,512,531,15.0,55.0,0.27,-0.506,200.0674,frag_edge,,,200.0674
49,512,534,18.0,80.0,0.23,4.429,78.0305,frag_edge,,,78.0305
50,514,569,7.0,60.0,0.12,-3.158,18.0099,frag_edge,H2O,,H2O
51,514,644,9.0,64.0,0.14,8.253,44.0259,frag_edge,,,44.0259
52,515,534,8.0,50.0,0.16,4.48,452.2021,frag_edge,,,452.2021
53,515,531,6.0,38.0,0.16,-0.455,574.239,frag_edge,,,574.239
54,515,506,10.0,39.0,0.26,-0.377,352.1884,frag_edge,,,352.1884
55,521,739,5.0,42.0,0.12,-0.729,331.1136,frag_edge,,,331.1136
56,527,531,8.0,40.0,0.2,-4.778,263.0788,frag_edge,,,263.0788
57,527,506,9.0,49.0,0.18,-4.7,41.0282,frag_edge,,,41.0282
58,527,534,10.0,56.0,0.18,0.157,141.0419,frag_edge,,,141.0419
59,532,1748,7.0,26.0,0.27,0.151,41.027,frag_edge,,,41.027
60,533,531,12.0,41.0,0.29,-0.905,325.0476,frag_edge,,,325.0476
61,545,578,8.0,13.0,0.62,4.339,41.0265,frag_edge,,,41.0265
62,547,586,7.0,23.0,0.3,-4.924,41.0266,frag_edge,,,41.0266
63,549,730,3.0,30.0,0.1,0.588,331.1137,frag_edge,,,331.1137
64,549,1997,4.0,42.0,0.1,0.251,199.1069,frag_edge,,,199.1069
65,550,586,8.0,19.0,0.42,9.872,41.0264,frag_edge,,,41.0264
66,556,644,11.0,60.0,0.18,7.242,121.0742,frag_edge,,,121.0742
67,556,569,6.0,59.0,0.1,-4.169,95.0582,frag_edge,,,95.0582
68,556,514,40.0,73.0,0.55,-1.011,77.0483,frag_edge,,,77.0483
69,592,629,6.0,46.0,0.13,1.85,44.9977,frag_edge,,,44.9977
70,592,586,6.0,35.0,0.17,4.896,58.9992,frag_edge,,,58.9992
71,603,933,11.0,44.0,0.25,0.084,18.0105,frag_edge,H2O,,H2O
72,603,143,17.0,45.0,0.38,-0.239,18.0106,frag_edge,H2O,,H2O
73,603,443,4.0,31.0,0.13,-1.379,64.0161,frag_edge,,,64.0161
74,622,531,4.0,34.0,0.12,4.165,244.0953,frag_edge,,,244.0953
75,631,1003,4.0,32.0,0.12,-0.43,17.027,frag_edge,,,17.027
76,648,697,5.0,35.0,0.14,-0.107,17.0262,frag_edge,,,17.0262
77,650,224,6.0,27.0,0.22,-0.254,33.0343,frag_edge,,,33.0343
78,659,582,8.0,33.0,0.24,2.478,18.0104,frag_edge,H2O,,H2O
79,663,735,21.0,50.0,0.42,0.242,17.0267,frag_edge,,,17.0267
80,671,63,26.0,59.0,0.44,1.547,18.0104,frag_edge,H2O,,H2O
81,703,735,5.0,50.0,0.1,0.242,45.0579,frag_edge,,,45.0579
82,704,701,6.0,31.0,0.19,-0.567,271.1117,frag_edge,,,271.1117
83,715,636,4.0,29.0,0.14,-2.883,32.0264,frag_edge,CH3OH,,CH3OH
84,747,739,4.0,34.0,0.12,3.948,479.1506,frag_edge,,,479.1506
85,773,803,29.0,78.0,0.37,-0.509,63.0311,frag_edge,,,63.0311
86,773,833,18.0,70.0,0.26,4.501,95.0567,frag_edge,,,95.0567
87,773,789,32.0,100.0,0.32,8.885,53.0459,frag_edge,,,53.0459
88,773,793,29.0,76.0,0.38,-1.173,81.041,frag_edge,,,81.041
89,773,784,39.0,96.0,0.41,-0.975,35.0358,frag_edge,,,35.0358
90,784,793,25.0,78.0,0.32,-0.198,46.0052,frag_edge,HCOOH,,HCOOH
91,785,793,25.0,67.0,0.37,-0.664,64.0163,frag_edge,,,64.0163
92,788,701,10.0,36.0,0.28,-0.129,257.0946,frag_edge,,,257.0946
93,803,833,16.0,48.0,0.33,5.01,32.0256,frag_edge,CH3OH,,CH3OH
94,803,793,28.0,51.0,0.55,-0.664,18.0099,frag_edge,H2O,,H2O
95,804,28,15.0,35.0,0.43,-2.501,41.0266,frag_edge,,,41.0266
96,822,308,9.0,33.0,0.27,-0.861,44.027,frag_edge,,,44.027
97,822,1074,5.0,24.0,0.21,0.382,62.0368,frag_edge,,,62.0368
98,829,787,5.0,24.0,0.21,0.1,82.0531,frag_edge,,,82.0531
99,832,869,14.0,61.0,0.23,0.377,41.0268,frag_edge,,,41.0268
100,834,793,14.0,48.0,0.29,-0.559,483.3033,frag_edge,,,483.3033
101,834,833,12.0,34.0,0.35,5.115,497.319,frag_edge,,,497.319
102,834,789,10.0,77.0,0.13,9.499,455.3082,frag_edge,,,455.3082
103,834,784,14.0,75.0,0.19,-0.361,437.2981,frag_edge,,,437.2981
104,834,785,14.0,66.0,0.21,0.105,419.287,frag_edge,,,419.287
105,846,793,17.0,53.0,0.32,-2.75,35.0364,frag_edge,,,35.0364
106,862,1977,5.0,45.0,0.11,-3.164,40.9888,frag_edge,,,40.9888
107,867,1760,7.0,32.0,0.22,0.191,17.0268,frag_edge,,,17.0268
108,891,732,3.0,19.0,0.16,-8.823,257.0938,frag_edge,,,257.0938
109,891,1011,7.0,40.0,0.17,-5.393,109.0561,frag_edge,,,109.0561
110,903,308,8.0,33.0,0.24,-0.796,61.0535,frag_edge,,,61.0535
111,903,1074,5.0,24.0,0.21,0.447,79.0633,frag_edge,,,79.0633
112,903,822,12.0,29.0,0.41,0.065,17.0265,frag_edge,,,17.0265
113,941,675,4.0,28.0,0.14,-1.029,0.0001,frag_edge,,,0.0001
114,990,739,5.0,42.0,0.12,9.153,271.1103,frag_edge,,,271.1103
115,996,845,15.0,51.0,0.29,0.047,36.0212,frag_edge,H4O2,,H4O2
116,996,1793,21.0,50.0,0.42,0.295,18.0106,frag_edge,H2O,,H2O
117,1025,701,7.0,28.0,0.25,-0.003,240.0668,frag_edge,,,240.0668
118,1066,347,3.0,18.0,0.17,0.209,109.0561,frag_edge,,,109.0561
119,1082,1021,5.0,34.0,0.15,0.073,224.1051,frag_edge,,,224.1051
120,1329,1977,5.0,31.0,0.16,-0.573,64.0426,frag_edge,,,64.0426
121,1490,1853,8.0,26.0,0.31,7.599,41.0265,frag_edge,,,41.0265
122,1508,528,9.0,25.0,0.36,0.336,32.0263,frag_edge,CH3OH,,CH3OH
123,1668,1675,18.0,33.0,0.55,-0.348,220.1668,frag_edge,,,220.1668
124,1668,1670,20.0,34.0,0.59,-0.348,202.1563,frag_edge,,,202.1563
125,1669,1675,19.0,37.0,0.51,0.0,237.1936,frag_edge,,,237.1936
126,1669,1681,23.0,43.0,0.53,0.0,201.1725,frag_edge,,,201.1725
127,1669,1670,22.0,36.0,0.61,0.0,219.1831,frag_edge,,,219.1831
128,1670,1675,20.0,34.0,0.59,0.0,18.0105,frag_edge,H2O,,H2O
129,1673,1681,24.0,44.0,0.55,0.0,587.4745,frag_edge,,,587.4745
130,1673,1668,23.0,43.0,0.53,0.348,403.3288,frag_edge,,,403.3288
131,1673,1670,23.0,38.0,0.61,0.0,605.4851,frag_edge,,,605.4851
132,1673,1675,21.0,38.0,0.55,0.0,623.4956,frag_edge,,,623.4956
133,1676,1679,3.0,19.0,0.16,1.286,386.3024,frag_edge,,,386.3024
134,1681,1675,20.0,40.0,0.5,0.0,36.0211,frag_edge,H4O2,,H4O2
135,1683,1675,6.0,35.0,0.17,3.959,265.2257,frag_edge,,,265.2257
136,1683,1670,6.0,37.0,0.16,3.959,247.2152,frag_edge,,,247.2152
137,1684,1788,15.0,32.0,0.47,0.0,220.1679,frag_edge,,,220.1679
138,1685,1681,23.0,52.0,0.44,0.0,570.4479,frag_edge,,,570.4479
139,1685,1670,22.0,47.0,0.47,0.0,588.4585,frag_edge,,,588.4585
140,1685,1675,18.0,49.0,0.37,0.0,606.469,frag_edge,,,606.469
141,1687,1697,6.0,15.0,0.4,0.0,386.3031,frag_edge,,,386.3031
142,1691,1788,16.0,36.0,0.44,0.071,237.1947,frag_edge,,,237.1947
143,1707,1670,25.0,56.0,0.45,9.638,41.0268,frag_edge,,,41.0268
144,1707,1675,21.0,57.0,0.37,9.638,59.0373,frag_edge,,,59.0373
145,1713,510,6.0,41.0,0.15,-0.897,86.0247,frag_edge,,,86.0247
146,1713,3,23.0,57.0,0.4,-0.201,41.0271,frag_edge,,,41.0271
147,1713,46,21.0,59.0,0.36,-0.703,82.0536,frag_edge,,,82.0536
148,1727,510,5.0,36.0,0.14,-0.88,41.0269,frag_edge,,,41.0269
149,1781,1839,5.0,39.0,0.13,8.818,44.9976,frag_edge,,,44.9976
150,1793,845,14.0,52.0,0.27,-0.248,18.0106,frag_edge,H2O,,H2O
151,1797,1893,7.0,25.0,0.28,-0.585,23.016,frag_edge,,,23.016
152,1797,1782,6.0,18.0,0.33,-3.076,41.0265,frag_edge,,,41.0265
153,1821,1997,6.0,32.0,0.19,-0.046,16.0318,frag_edge,,,16.0318
154,1864,1347,16.0,42.0,0.38,0.189,18.0106,frag_edge,H2O,,H2O
155,1874,1272,9.0,62.0,0.15,8.638,271.1115,frag_edge,,,271.1115
156,1893,1782,6.0,19.0,0.32,-2.491,18.0105,frag_edge,H2O,,H2O
157,1901,258,5.0,25.0,0.2,-0.057,56.0625,frag_edge,C4H8,,C4H8
158,1903,838,10.0,41.0,0.24,-1.272,41.0265,frag_edge,,,41.0265
159,1914,1821,11.0,46.0,0.24,0.105,166.0484,frag_edge,,,166.0484
160,1914,1997,6.0,32.0,0.19,0.059,182.0802,frag_edge,,,182.0802
161,1954,1901,5.0,30.0,0.17,0.275,17.0264,frag_edge,,,17.0264
162,1966,1052,7.0,25.0,0.28,8.84,61.0528,frag_edge,,,61.0528
163,1986,977,4.0,31.0,0.13,0.356,56.0627,frag_edge,C4H8,,C4H8
164,1987,107,14.0,63.0,0.22,-0.289,45.0577,frag_edge,,,45.0577
165,1987,341,4.0,32.0,0.12,2.576,98.1054,frag_edge,,,98.1054
166,1993,701,9.0,34.0,0.26,-5.23,243.0804,frag_edge,,,243.0804
167,2000,2023,3.0,23.0,0.13,-0.168,105.0788,frag_edge,,,105.0788
168,2039,1668,0.0,0.0,0.0,0.0,1.0079,add_edge,,[M+H]+,[M+H]+
169,2039,1669,0.0,0.0,0.0,0.0,18.0347,add_edge,,[M+NH4]+,[M+NH4]+
170,2039,1679,0.0,0.0,0.0,0.0,22.9896,add_edge,,[M+Na]+,[M+Na]+
171,2039,1696,0.0,0.0,0.0,0.0,38.9636,add_edge,,[M+K]+,[M+K]+
172,2039,1685,0.0,0.0,0.0,0.0,387.3101,add_edge,,[2M+H]+,[2M+H]+
173,2039,1673,0.0,0.0,0.0,0.0,404.3367,add_edge,,[2M+NH4]+,[2M+NH4]+
174,2039,1676,0.0,0.0,0.0,0.0,409.292,add_edge,,[2M+Na]+,[2M+Na]+
175,2039,1712,0.0,0.0,0.0,0.0,425.2638,add_edge,,[2M+K]+,[2M+K]+
176,2040,1687,0.0,0.0,0.0,0.0,1.0075,add_edge,,[M+H]+,[M+H]+
177,2040,1718,0.0,0.0,0.0,0.0,22.9901,add_edge,,[M+Na]+,[M+Na]+
178,2041,545,0.0,0.0,0.0,0.0,42.0344,add_edge,,[M+H+CH3CN]+,[M+H+CH3CN]+
179,2041,578,0.0,0.0,0.0,0.0,1.0079,add_edge,,[M+H]+,[M+H]+
180,2042,78,0.0,0.0,0.0,0.0,1.0071,add_edge,,[M+H]+,[M+H]+
181,2042,275,0.0,0.0,0.0,0.0,59.0624,add_edge,,[M+NH4+CH3CN]+,[M+NH4+CH3CN]+
182,2042,61,0.0,0.0,0.0,0.0,18.0341,add_edge,,[M+NH4]+,[M+NH4]+
183,2042,214,0.0,0.0,0.0,0.0,22.9894,add_edge,,[M+Na]+,[M+Na]+
184,2043,234,0.0,0.0,0.0,0.0,1.0076,add_edge,,[M+H]+,[M+H]+
185,2043,353,0.0,0.0,0.0,0.0,59.0618,add_edge,,[M+NH4+CH3CN]+,[M+NH4+CH3CN]+
186,2043,220,0.0,0.0,0.0,0.0,18.0344,add_edge,,[M+NH4]+,[M+NH4]+
187,2043,325,0.0,0.0,0.0,0.0,22.9891,add_edge,,[M+Na]+,[M+Na]+
188,2044,109,0.0,0.0,0.0,0.0,1.0079,add_edge,,[M+H]+,[M+H]+
189,2044,237,0.0,0.0,0.0,0.0,18.0344,add_edge,,[M+NH4]+,[M+NH4]+
190,2045,785,0.0,0.0,0.0,0.0,1.0085,add_edge,,[M+H]+,[M+H]+
191,2045,796,0.0,0.0,0.0,0.0,59.0612,add_edge,,[M+NH4+CH3CN]+,[M+NH4+CH3CN]+
192,2045,773,0.0,0.0,0.0,0.0,18.0332,add_edge,,[M+NH4]+,[M+NH4]+
193,2045,774,0.0,0.0,0.0,0.0,22.9898,add_edge,,[M+Na]+,[M+Na]+
194,2045,834,0.0,0.0,0.0,0.0,420.2955,add_edge,,[2M+NH4]+,[2M+NH4]+
195,2046,779,0.0,0.0,0.0,0.0,1.0081,add_edge,,[M+H]+,[M+H]+
196,2046,819,0.0,0.0,0.0,0.0,22.9895,add_edge,,[M+Na]+,[M+Na]+
197,2047,512,0.0,0.0,0.0,0.0,1.0065,add_edge,,[M+H]+,[M+H]+
198,2047,504,0.0,0.0,0.0,0.0,18.0343,add_edge,,[M+NH4]+,[M+NH4]+
199,2047,527,0.0,0.0,0.0,0.0,64.0179,add_edge,,[M+Na+CH3CN]+,[M+Na+CH3CN]+
200,2047,506,0.0,0.0,0.0,0.0,22.9897,add_edge,,[M+Na]+,[M+Na]+
201,2047,544,0.0,0.0,0.0,0.0,38.9635,add_edge,,[M+K]+,[M+K]+
202,2047,515,0.0,0.0,0.0,0.0,375.1781,add_edge,,[2M+Na]+,[2M+Na]+
203,2048,7,0.0,0.0,0.0,0.0,33.0348,add_edge,,[M+H+CH3OH]+,[M+H+CH3OH]+
204,2048,181,0.0,0.0,0.0,0.0,1.0071,add_edge,,[M+H]+,[M+H]+
205,2049,298,0.0,0.0,0.0,0.0,141.1155,add_edge,,[3M+H]+,[3M+H]+
206,2049,107,0.0,0.0,0.0,0.0,158.1421,add_edge,,[3M+NH4]+,[3M+NH4]+
207,2050,359,0.0,0.0,0.0,0.0,42.0344,add_edge,,[M+H+CH3CN]+,[M+H+CH3CN]+
208,2050,371,0.0,0.0,0.0,0.0,18.0343,add_edge,,[M+NH4]+,[M+NH4]+
209,2051,1914,0.0,0.0,0.0,0.0,1.0077,add_edge,,[M+H]+,[M+H]+
210,2051,549,0.0,0.0,0.0,0.0,18.0344,add_edge,,[M+NH4]+,[M+NH4]+
211,2051,868,0.0,0.0,0.0,0.0,22.99,add_edge,,[M+Na]+,[M+Na]+
212,2051,179,0.0,0.0,0.0,0.0,38.9638,add_edge,,[M+K]+,[M+K]+
213,2051,1892,0.0,0.0,0.0,0.0,38.9635,add_edge,,[M+K]+,[M+K]+
214,2052,1025,0.0,0.0,0.0,0.0,1.0073,add_edge,,[M+H]+,[M+H]+
215,2052,788,0.0,0.0,0.0,0.0,18.0351,add_edge,,[M+NH4]+,[M+NH4]+
216,2052,82,0.0,0.0,0.0,0.0,22.9891,add_edge,,[M+Na]+,[M+Na]+
217,2052,100,0.0,0.0,0.0,0.0,38.9641,add_edge,,[M+K]+,[M+K]+
218,2052,647,0.0,0.0,0.0,0.0,38.9639,add_edge,,[M+K]+,[M+K]+
219,2053,23,0.0,0.0,0.0,0.0,42.0344,add_edge,,[M+H+CH3CN]+,[M+H+CH3CN]+
220,2053,1727,0.0,0.0,0.0,0.0,42.0346,add_edge,,[M+H+CH3CN]+,[M+H+CH3CN]+
221,2053,510,0.0,0.0,0.0,0.0,1.0077,add_edge,,[M+H]+,[M+H]+
222,2054,1736,0.0,0.0,0.0,0.0,42.0344,add_edge,,[M+H+CH3CN]+,[M+H+CH3CN]+
223,2054,532,0.0,0.0,0.0,0.0,1.0079,add_edge,,[M+H]+,[M+H]+
224,2055,1820,0.0,0.0,0.0,0.0,1.0078,add_edge,,[M+H]+,[M+H]+
225,2055,1868,0.0,0.0,0.0,0.0,18.0344,add_edge,,[M+NH4]+,[M+NH4]+
226,2056,1874,0.0,0.0,0.0,0.0,33.0349,add_edge,,[M+H+CH3OH]+,[M+H+CH3OH]+
227,2056,775,0.0,0.0,0.0,0.0,1.0069,add_edge,,[M+H]+,[M+H]+
228,2057,547,0.0,0.0,0.0,0.0,42.0344,add_edge,,[M+H+CH3CN]+,[M+H+CH3CN]+
229,2057,586,0.0,0.0,0.0,0.0,1.0078,add_edge,,[M+H]+,[M+H]+
230,2058,451,0.0,0.0,0.0,0.0,1.0077,add_edge,,[M+H]+,[M+H]+
231,2058,474,0.0,0.0,0.0,0.0,18.0341,add_edge,,[M+NH4]+,[M+NH4]+
232,2058,469,0.0,0.0,0.0,0.0,64.0169,add_edge,,[M+Na+CH3CN]+,[M+Na+CH3CN]+
233,2058,452,0.0,0.0,0.0,0.0,22.9898,add_edge,,[M+Na]+,[M+Na]+
234,2059,291,0.0,0.0,0.0,0.0,42.0344,add_edge,,[M+H+CH3CN]+,[M+H+CH3CN]+
235,2059,787,0.0,0.0,0.0,0.0,1.0078,add_edge,,[M+H]+,[M+H]+
236,2060,250,0.0,0.0,0.0,0.0,1.0077,add_edge,,[M+H]+,[M+H]+
237,2060,1989,0.0,0.0,0.0,0.0,18.0343,add_edge,,[M+NH4]+,[M+NH4]+
238,2060,1854,0.0,0.0,0.0,0.0,22.9898,add_edge,,[M+Na]+,[M+Na]+
239,2060,288,0.0,0.0,0.0,0.0,38.9638,add_edge,,[M+K]+,[M+K]+
240,2061,735,0.0,0.0,0.0,0.0,1.0082,add_edge,,[M+H]+,[M+H]+
241,2061,1971,0.0,0.0,0.0,0.0,59.0602,add_edge,,[M+NH4+CH3CN]+,[M+NH4+CH3CN]+
242,2061,663,0.0,0.0,0.0,0.0,18.0349,add_edge,,[M+NH4]+,[M+NH4]+
243,2061,446,0.0,0.0,0.0,0.0,22.9896,add_edge,,[M+Na]+,[M+Na]+
244,2062,138,0.0,0.0,0.0,0.0,1.0077,add_edge,,[M+H]+,[M+H]+
245,2062,891,0.0,0.0,0.0,0.0,18.0344,add_edge,,[M+NH4]+,[M+NH4]+
246,2062,86,0.0,0.0,0.0,0.0,22.9899,add_edge,,[M+Na]+,[M+Na]+
247,2062,981,0.0,0.0,0.0,0.0,38.9636,add_edge,,[M+K]+,[M+K]+
248,2063,822,0.0,0.0,0.0,0.0,1.0079,add_edge,,[M+H]+,[M+H]+
249,2063,903,0.0,0.0,0.0,0.0,18.0344,add_edge,,[M+NH4]+,[M+NH4]+
250,2063,245,0.0,0.0,0.0,0.0,22.9897,add_edge,,[M+Na]+,[M+Na]+
251,2063,1070,0.0,0.0,0.0,0.0,38.9637,add_edge,,[M+K]+,[M+K]+
252,2064,1272,0.0,0.0,0.0,0.0,1.0073,add_edge,,[M+H]+,[M+H]+
253,2064,1678,0.0,0.0,0.0,0.0,18.0345,add_edge,,[M+NH4]+,[M+NH4]+
254,2064,741,0.0,0.0,0.0,0.0,38.9641,add_edge,,[M+K]+,[M+K]+
255,2065,1760,0.0,0.0,0.0,0.0,1.0078,add_edge,,[M+H]+,[M+H]+
256,2065,112,0.0,0.0,0.0,0.0,18.0341,add_edge,,[M+NH4]+,[M+NH4]+
257,2065,867,0.0,0.0,0.0,0.0,18.0346,add_edge,,[M+NH4]+,[M+NH4]+
258,2066,1684,0.0,0.0,0.0,0.0,1.008,add_edge,,[M+H]+,[M+H]+
259,2066,1691,0.0,0.0,0.0,0.0,18.0348,add_edge,,[M+NH4]+,[M+NH4]+
260,2066,1692,0.0,0.0,0.0,0.0,22.9892,add_edge,,[M+Na]+,[M+Na]+
261,2067,1099,0.0,0.0,0.0,0.0,1.0079,add_edge,,[M+H]+,[M+H]+
262,2067,1066,0.0,0.0,0.0,0.0,18.0344,add_edge,,[M+NH4]+,[M+NH4]+
263,2067,980,0.0,0.0,0.0,0.0,22.9897,add_edge,,[M+Na]+,[M+Na]+
264,2068,1901,0.0,0.0,0.0,0.0,1.0079,add_edge,,[M+H]+,[M+H]+
265,2068,1954,0.0,0.0,0.0,0.0,18.0343,add_edge,,[M+NH4]+,[M+NH4]+
266,2068,1937,0.0,0.0,0.0,0.0,22.9898,add_edge,,[M+Na]+,[M+Na]+
267,2069,1713,0.0,0.0,0.0,0.0,42.0346,add_edge,,[M+H+CH3CN]+,[M+H+CH3CN]+
268,2069,3,0.0,0.0,0.0,0.0,1.0075,add_edge,,[M+H]+,[M+H]+
269,2070,697,0.0,0.0,0.0,0.0,1.008,add_edge,,[M+H]+,[M+H]+
270,2070,648,0.0,0.0,0.0,0.0,18.0342,add_edge,,[M+NH4]+,[M+NH4]+
271,2071,363,0.0,0.0,0.0,0.0,42.0345,add_edge,,[M+H+CH3CN]+,[M+H+CH3CN]+
272,2071,387,0.0,0.0,0.0,0.0,18.0343,add_edge,,[M+NH4]+,[M+NH4]+
273,2072,362,0.0,0.0,0.0,0.0,42.0344,add_edge,,[M+H+CH3CN]+,[M+H+CH3CN]+
274,2072,463,0.0,0.0,0.0,0.0,18.0344,add_edge,,[M+NH4]+,[M+NH4]+
275,2073,1903,0.0,0.0,0.0,0.0,42.0344,add_edge,,[M+H+CH3CN]+,[M+H+CH3CN]+
276,2073,838,0.0,0.0,0.0,0.0,1.0079,add_edge,,[M+H]+,[M+H]+
277,2074,364,0.0,0.0,0.0,0.0,42.0349,add_edge,,[M+H+CH3CN]+,[M+H+CH3CN]+
278,2074,453,0.0,0.0,0.0,0.0,18.0338,add_edge,,[M+NH4]+,[M+NH4]+
279,2075,1711,0.0,0.0,0.0,0.0,42.0349,add_edge,,[M+H+CH3CN]+,[M+H+CH3CN]+
280,2075,1708,0.0,0.0,0.0,0.0,1.0073,add_edge,,[M+H]+,[M+H]+
281,2076,1013,0.0,0.0,0.0,0.0,1.008,add_edge,,[M+H]+,[M+H]+
282,2076,881,0.0,0.0,0.0,0.0,18.0342,add_edge,,[M+NH4]+,[M+NH4]+
283,2077,366,0.0,0.0,0.0,0.0,42.0343,add_edge,,[M+H+CH3CN]+,[M+H+CH3CN]+
284,2077,365,0.0,0.0,0.0,0.0,1.0079,add_edge,,[M+H]+,[M+H]+
285,2078,483,0.0,0.0,0.0,0.0,42.0344,add_edge,,[M+H+CH3CN]+,[M+H+CH3CN]+
286,2078,478,0.0,0.0,0.0,0.0,1.0079,add_edge,,[M+H]+,[M+H]+
287,2079,706,0.0,0.0,0.0,0.0,1.0078,add_edge,,[M+H]+,[M+H]+
288,2079,2016,0.0,0.0,0.0,0.0,18.0344,add_edge,,[M+NH4]+,[M+NH4]+
289,2080,671,0.0,0.0,0.0,0.0,33.034,add_edge,,[M+H+CH3OH]+,[M+H+CH3OH]+
290,2080,372,0.0,0.0,0.0,0.0,1.0078,add_edge,,[M+H]+,[M+H]+
291,2081,832,0.0,0.0,0.0,0.0,42.0345,add_edge,,[M+H+CH3CN]+,[M+H+CH3CN]+
292,2081,869,0.0,0.0,0.0,0.0,1.0077,add_edge,,[M+H]+,[M+H]+
293,2082,804,0.0,0.0,0.0,0.0,42.0344,add_edge,,[M+H+CH3CN]+,[M+H+CH3CN]+
294,2082,28,0.0,0.0,0.0,0.0,1.0078,add_edge,,[M+H]+,[M+H]+
295,2083,1092,0.0,0.0,0.0,0.0,1.0078,add_edge,,[M+H]+,[M+H]+
296,2083,2000,0.0,0.0,0.0,0.0,18.0344,add_edge,,[M+NH4]+,[M+NH4]+
297,2084,1800,0.0,0.0,0.0,0.0,1.0078,add_edge,,[M+H]+,[M+H]+
298,2084,36,0.0,0.0,0.0,0.0,124.0873,add_edge,,[2M+H]+,[2M+H]+
299,2085,1490,0.0,0.0,0.0,0.0,42.0344,add_edge,,[M+H+CH3CN]+,[M+H+CH3CN]+
300,2085,1853,0.0,0.0,0.0,0.0,1.0079,add_edge,,[M+H]+,[M+H]+
301,2086,531,0.0,0.0,0.0,0.0,18.035,add_edge,,[M+NH4]+,[M+NH4]+
302,2086,503,0.0,0.0,0.0,0.0,158.0808,add_edge,,[2M+Na]+,[2M+Na]+
303,2087,1508,0.0,0.0,0.0,0.0,33.0341,add_edge,,[M+H+CH3OH]+,[M+H+CH3OH]+
304,2087,528,0.0,0.0,0.0,0.0,1.0078,add_edge,,[M+H]+,[M+H]+
305,2088,1003,0.0,0.0,0.0,0.0,1.0076,add_edge,,[M+H]+,[M+H]+
306,2088,631,0.0,0.0,0.0,0.0,18.0346,add_edge,,[M+NH4]+,[M+NH4]+
307,2089,715,0.0,0.0,0.0,0.0,33.0341,add_edge,,[M+H+CH3OH]+,[M+H+CH3OH]+
308,2089,636,0.0,0.0,0.0,0.0,1.0077,add_edge,,[M+H]+,[M+H]+
309,2090,1707,0.0,0.0,0.0,0.0,42.0345,add_edge,,[M+H+CH3CN]+,[M+H+CH3CN]+
310,2090,1670,0.0,0.0,0.0,0.0,1.0077,add_edge,,[M+H]+,[M+H]+
311,2091,1797,0.0,0.0,0.0,0.0,42.0343,add_edge,,[M+H+CH3CN]+,[M+H+CH3CN]+
312,2091,1782,0.0,0.0,0.0,0.0,1.0078,add_edge,,[M+H]+,[M+H]+
313,2092,803,0.0,0.0,0.0,0.0,1.0079,add_edge,,[M+H]+,[M+H]+
314,2092,846,0.0,0.0,0.0,0.0,18.0344,add_edge,,[M+NH4]+,[M+NH4]+
315,2,2,0.0,0.0,0.0,0.0,0.0,self_edge,,,
316,13,13,0.0,0.0,0.0,0.0,0.0,self_edge,,,
317,32,32,0.0,0.0,0.0,0.0,0.0,self_edge,,,
318,34,34,0.0,0.0,0.0,0.0,0.0,self_edge,,,
319,38,38,0.0,0.0,0.0,0.0,0.0,self_edge,,,
320,39,39,0.0,0.0,0.0,0.0,0.0,self_edge,,,
321,41,41,0.0,0.0,0.0,0.0,0.0,self_edge,,,
322,43,43,0.0,0.0,0.0,0.0,0.0,self_edge,,,
323,47,47,0.0,0.0,0.0,0.0,0.0,self_edge,,,
324,48,48,0.0,0.0,0.0,0.0,0.0,self_edge,,,
325,49,49,0.0,0.0,0.0,0.0,0.0,self_edge,,,
326,50,50,0.0,0.0,0.0,0.0,0.0,self_edge,,,
327,51,51,0.0,0.0,0.0,0.0,0.0,self_edge,,,
328,54,54,0.0,0.0,0.0,0.0,0.0,self_edge,,,
329,55,55,0.0,0.0,0.0,0.0,0.0,self_edge,,,
330,58,58,0.0,0.0,0.0,0.0,0.0,self_edge,,,
331,67,67,0.0,0.0,0.0,0.0,0.0,self_edge,,,
332,70,70,0.0,0.0,0.0,0.0,0.0,self_edge,,,
333,71,71,0.0,0.0,0.0,0.0,0.0,self_edge,,,
334,72,72,0.0,0.0,0.0,0.0,0.0,self_edge,,,
335,76,76,0.0,0.0,0.0,0.0,0.0,self_edge,,,
336,77,77,0.0,0.0,0.0,0.0,0.0,self_edge,,,
337,80,80,0.0,0.0,0.0,0.0,0.0,self_edge,,,
338,83,83,0.0,0.0,0.0,0.0,0.0,self_edge,,,
339,84,84,0.0,0.0,0.0,0.0,0.0,self_edge,,,
340,90,90,0.0,0.0,0.0,0.0,0.0,self_edge,,,
341,92,92,0.0,0.0,0.0,0.0,0.0,self_edge,,,
342,96,96,0.0,0.0,0.0,0.0,0.0,self_edge,,,
343,101,101,0.0,0.0,0.0,0.0,0.0,self_edge,,,
344,103,103,0.0,0.0,0.0,0.0,0.0,self_edge,,,
345,104,104,0.0,0.0,0.0,0.0,0.0,self_edge,,,
346,105,105,0.0,0.0,0.0,0.0,0.0,self_edge,,,
347,111,111,0.0,0.0,0.0,0.0,0.0,self_edge,,,
348,114,114,0.0,0.0,0.0,0.0,0.0,self_edge,,,
349,118,118,0.0,0.0,0.0,0.0,0.0,self_edge,,,
350,119,119,0.0,0.0,0.0,0.0,0.0,self_edge,,,
351,120,120,0.0,0.0,0.0,0.0,0.0,self_edge,,,
352,124,124,0.0,0.0,0.0,0.0,0.0,self_edge,,,
353,125,125,0.0,0.0,0.0,0.0,0.0,self_edge,,,
354,126,126,0.0,0.0,0.0,0.0,0.0,self_edge,,,
355,127,127,0.0,0.0,0.0,0.0,0.0,self_edge,,,
356,129,129,0.0,0.0,0.0,0.0,0.0,self_edge,,,
357,132,132,0.0,0.0,0.0,0.0,0.0,self_edge,,,
358,134,134,0.0,0.0,0.0,0.0,0.0,self_edge,,,
359,136,136,0.0,0.0,0.0,0.0,0.0,self_edge,,,
360,137,137,0.0,0.0,0.0,0.0,0.0,self_edge,,,
361,140,140,0.0,0.0,0.0,0.0,0.0,self_edge,,,
362,142,142,0.0,0.0,0.0,0.0,0.0,self_edge,,,
363,146,146,0.0,0.0,0.0,0.0,0.0,self_edge,,,
364,148,148,0.0,0.0,0.0,0.0,0.0,self_edge,,,
365,151,151,0.0,0.0,0.0,0.0,0.0,self_edge,,,
366,152,152,0.0,0.0,0.0,0.0,0.0,self_edge,,,
367,154,154,0.0,0.0,0.0,0.0,0.0,self_edge,,,
368,155,155,0.0,0.0,0.0,0.0,0.0,self_edge,,,
369,157,157,0.0,0.0,0.0,0.0,0.0,self_edge,,,
370,159,159,0.0,0.0,0.0,0.0,0.0,self_edge,,,
371,163,163,0.0,0.0,0.0,0.0,0.0,self_edge,,,
372,164,164,0.0,0.0,0.0,0.0,0.0,self_edge,,,
373,168,168,0.0,0.0,0.0,0.0,0.0,self_edge,,,
374,170,170,0.0,0.0,0.0,0.0,0.0,self_edge,,,
375,171,171,0.0,0.0,0.0,0.0,0.0,self_edge,,,
376,172,172,0.0,0.0,0.0,0.0,0.0,self_edge,,,
377,175,175,0.0,0.0,0.0,0.0,0.0,self_edge,,,
378,176,176,0.0,0.0,0.0,0.0,0.0,self_edge,,,
379,178,178,0.0,0.0,0.0,0.0,0.0,self_edge,,,
380,180,180,0.0,0.0,0.0,0.0,0.0,self_edge,,,
381,182,182,0.0,0.0,0.0,0.0,0.0,self_edge,,,
382,185,185,0.0,0.0,0.0,0.0,0.0,self_edge,,,
383,187,187,0.0,0.0,0.0,0.0,0.0,self_edge,,,
384,189,189,0.0,0.0,0.0,0.0,0.0,self_edge,,,
385,190,190,0.0,0.0,0.0,0.0,0.0,self_edge,,,
386,192,192,0.0,0.0,0.0,0.0,0.0,self_edge,,,
387,199,199,0.0,0.0,0.0,0.0,0.0,self_edge,,,
388,200,200,0.0,0.0,0.0,0.0,0.0,self_edge,,,
389,202,202,0.0,0.0,0.0,0.0,0.0,self_edge,,,
390,203,203,0.0,0.0,0.0,0.0,0.0,self_edge,,,
391,204,204,0.0,0.0,0.0,0.0,0.0,self_edge,,,
392,205,205,0.0,0.0,0.0,0.0,0.0,self_edge,,,
393,207,207,0.0,0.0,0.0,0.0,0.0,self_edge,,,
394,209,209,0.0,0.0,0.0,0.0,0.0,self_edge,,,
395,210,210,0.0,0.0,0.0,0.0,0.0,self_edge,,,
396,211,211,0.0,0.0,0.0,0.0,0.0,self_edge,,,
397,212,212,0.0,0.0,0.0,0.0,0.0,self_edge,,,
398,213,213,0.0,0.0,0.0,0.0,0.0,self_edge,,,
399,216,216,0.0,0.0,0.0,0.0,0.0,self_edge,,,
400,217,217,0.0,0.0,0.0,0.0,0.0,self_edge,,,
401,221,221,0.0,0.0,0.0,0.0,0.0,self_edge,,,
402,223,223,0.0,0.0,0.0,0.0,0.0,self_edge,,,
403,226,226,0.0,0.0,0.0,0.0,0.0,self_edge,,,
404,227,227,0.0,0.0,0.0,0.0,0.0,self_edge,,,
405,228,228,0.0,0.0,0.0,0.0,0.0,self_edge,,,
406,229,229,0.0,0.0,0.0,0.0,0.0,self_edge,,,
407,230,230,0.0,0.0,0.0,0.0,0.0,self_edge,,,
408,232,232,0.0,0.0,0.0,0.0,0.0,self_edge,,,
409,235,235,0.0,0.0,0.0,0.0,0.0,self_edge,,,
410,238,238,0.0,0.0,0.0,0.0,0.0,self_edge,,,
411,240,240,0.0,0.0,0.0,0.0,0.0,self_edge,,,
412,241,241,0.0,0.0,0.0,0.0,0.0,self_edge,,,
413,242,242,0.0,0.0,0.0,0.0,0.0,self_edge,,,
414,243,243,0.0,0.0,0.0,0.0,0.0,self_edge,,,
415,244,244,0.0,0.0,0.0,0.0,0.0,self_edge,,,
416,248,248,0.0,0.0,0.0,0.0,0.0,self_edge,,,
417,249,249,0.0,0.0,0.0,0.0,0.0,self_edge,,,
418,252,252,0.0,0.0,0.0,0.0,0.0,self_edge,,,
419,255,255,0.0,0.0,0.0,0.0,0.0,self_edge,,,
420,256,256,0.0,0.0,0.0,0.0,0.0,self_edge,,,
421,257,257,0.0,0.0,0.0,0.0,0.0,self_edge,,,
422,260,260,0.0,0.0,0.0,0.0,0.0,self_edge,,,
423,262,262,0.0,0.0,0.0,0.0,0.0,self_edge,,,
424,263,263,0.0,0.0,0.0,0.0,0.0,self_edge,,,
425,264,264,0.0,0.0,0.0,0.0,0.0,self_edge,,,
426,265,265,0.0,0.0,0.0,0.0,0.0,self_edge,,,
427,267,267,0.0,0.0,0.0,0.0,0.0,self_edge,,,
428,269,269,0.0,0.0,0.0,0.0,0.0,self_edge,,,
429,271,271,0.0,0.0,0.0,0.0,0.0,self_edge,,,
430,272,272,0.0,0.0,0.0,0.0,0.0,self_edge,,,
431,273,273,0.0,0.0,0.0,0.0,0.0,self_edge,,,
432,276,276,0.0,0.0,0.0,0.0,0.0,self_edge,,,
433,280,280,0.0,0.0,0.0,0.0,0.0,self_edge,,,
434,281,281,0.0,0.0,0.0,0.0,0.0,self_edge,,,
435,284,284,0.0,0.0,0.0,0.0,0.0,self_edge,,,
436,286,286,0.0,0.0,0.0,0.0,0.0,self_edge,,,
437,287,287,0.0,0.0,0.0,0.0,0.0,self_edge,,,
438,290,290,0.0,0.0,0.0,0.0,0.0,self_edge,,,
439,292,292,0.0,0.0,0.0,0.0,0.0,self_edge,,,
440,293,293,0.0,0.0,0.0,0.0,0.0,self_edge,,,
441,294,294,0.0,0.0,0.0,0.0,0.0,self_edge,,,
442,295,295,0.0,0.0,0.0,0.0,0.0,self_edge,,,
443,297,297,0.0,0.0,0.0,0.0,0.0,self_edge,,,
444,299,299,0.0,0.0,0.0,0.0,0.0,self_edge,,,
445,301,301,0.0,0.0,0.0,0.0,0.0,self_edge,,,
446,302,302,0.0,0.0,0.0,0.0,0.0,self_edge,,,
447,305,305,0.0,0.0,0.0,0.0,0.0,self_edge,,,
448,306,306,0.0,0.0,0.0,0.0,0.0,self_edge,,,
449,310,310,0.0,0.0,0.0,0.0,0.0,self_edge,,,
450,311,311,0.0,0.0,0.0,0.0,0.0,self_edge,,,
451,312,312,0.0,0.0,0.0,0.0,0.0,self_edge,,,
452,314,314,0.0,0.0,0.0,0.0,0.0,self_edge,,,
453,315,315,0.0,0.0,0.0,0.0,0.0,self_edge,,,
454,316,316,0.0,0.0,0.0,0.0,0.0,self_edge,,,
455,317,317,0.0,0.0,0.0,0.0,0.0,self_edge,,,
456,318,318,0.0,0.0,0.0,0.0,0.0,self_edge,,,
457,319,319,0.0,0.0,0.0,0.0,0.0,self_edge,,,
458,320,320,0.0,0.0,0.0,0.0,0.0,self_edge,,,
459,321,321,0.0,0.0,0.0,0.0,0.0,self_edge,,,
460,322,322,0.0,0.0,0.0,0.0,0.0,self_edge,,,
461,324,324,0.0,0.0,0.0,0.0,0.0,self_edge,,,
462,326,326,0.0,0.0,0.0,0.0,0.0,self_edge,,,
463,327,327,0.0,0.0,0.0,0.0,0.0,self_edge,,,
464,328,328,0.0,0.0,0.0,0.0,0.0,self_edge,,,
465,329,329,0.0,0.0,0.0,0.0,0.0,self_edge,,,
466,330,330,0.0,0.0,0.0,0.0,0.0,self_edge,,,
467,331,331,0.0,0.0,0.0,0.0,0.0,self_edge,,,
468,332,332,0.0,0.0,0.0,0.0,0.0,self_edge,,,
469,333,333,0.0,0.0,0.0,0.0,0.0,self_edge,,,
470,334,334,0.0,0.0,0.0,0.0,0.0,self_edge,,,
471,336,336,0.0,0.0,0.0,0.0,0.0,self_edge,,,
472,337,337,0.0,0.0,0.0,0.0,0.0,self_edge,,,
473,338,338,0.0,0.0,0.0,0.0,0.0,self_edge,,,
474,339,339,0.0,0.0,0.0,0.0,0.0,self_edge,,,
475,340,340,0.0,0.0,0.0,0.0,0.0,self_edge,,,
476,342,342,0.0,0.0,0.0,0.0,0.0,self_edge,,,
477,343,343,0.0,0.0,0.0,0.0,0.0,self_edge,,,
478,344,344,0.0,0.0,0.0,0.0,0.0,self_edge,,,
479,345,345,0.0,0.0,0.0,0.0,0.0,self_edge,,,
480,348,348,0.0,0.0,0.0,0.0,0.0,self_edge,,,
481,349,349,0.0,0.0,0.0,0.0,0.0,self_edge,,,
482,351,351,0.0,0.0,0.0,0.0,0.0,self_edge,,,
483,352,352,0.0,0.0,0.0,0.0,0.0,self_edge,,,
484,354,354,0.0,0.0,0.0,0.0,0.0,self_edge,,,
485,355,355,0.0,0.0,0.0,0.0,0.0,self_edge,,,
486,356,356,0.0,0.0,0.0,0.0,0.0,self_edge,,,
487,361,361,0.0,0.0,0.0,0.0,0.0,self_edge,,,
488,367,367,0.0,0.0,0.0,0.0,0.0,self_edge,,,
489,368,368,0.0,0.0,0.0,0.0,0.0,self_edge,,,
490,370,370,0.0,0.0,0.0,0.0,0.0,self_edge,,,
491,373,373,0.0,0.0,0.0,0.0,0.0,self_edge,,,
492,374,374,0.0,0.0,0.0,0.0,0.0,self_edge,,,
493,375,375,0.0,0.0,0.0,0.0,0.0,self_edge,,,
494,376,376,0.0,0.0,0.0,0.0,0.0,self_edge,,,
495,378,378,0.0,0.0,0.0,0.0,0.0,self_edge,,,
496,379,379,0.0,0.0,0.0,0.0,0.0,self_edge,,,
497,382,382,0.0,0.0,0.0,0.0,0.0,self_edge,,,
498,384,384,0.0,0.0,0.0,0.0,0.0,self_edge,,,
499,385,385,0.0,0.0,0.0,0.0,0.0,self_edge,,,
500,386,386,0.0,0.0,0.0,0.0,0.0,self_edge,,,
501,388,388,0.0,0.0,0.0,0.0,0.0,self_edge,,,
502,389,389,0.0,0.0,0.0,0.0,0.0,self_edge,,,
503,390,390,0.0,0.0,0.0,0.0,0.0,self_edge,,,
504,392,392,0.0,0.0,0.0,0.0,0.0,self_edge,,,
505,393,393,0.0,0.0,0.0,0.0,0.0,self_edge,,,
506,394,394,0.0,0.0,0.0,0.0,0.0,self_edge,,,
507,396,396,0.0,0.0,0.0,0.0,0.0,self_edge,,,
508,397,397,0.0,0.0,0.0,0.0,0.0,self_edge,,,
509,399,399,0.0,0.0,0.0,0.0,0.0,self_edge,,,
510,400,400,0.0,0.0,0.0,0.0,0.0,self_edge,,,
511,401,401,0.0,0.0,0.0,0.0,0.0,self_edge,,,
512,402,402,0.0,0.0,0.0,0.0,0.0,self_edge,,,
513,403,403,0.0,0.0,0.0,0.0,0.0,self_edge,,,
514,404,404,0.0,0.0,0.0,0.0,0.0,self_edge,,,
515,405,405,0.0,0.0,0.0,0.0,0.0,self_edge,,,
516,406,406,0.0,0.0,0.0,0.0,0.0,self_edge,,,
517,408,408,0.0,0.0,0.0,0.0,0.0,self_edge,,,
518,409,409,0.0,0.0,0.0,0.0,0.0,self_edge,,,
519,410,410,0.0,0.0,0.0,0.0,0.0,self_edge,,,
520,411,411,0.0,0.0,0.0,0.0,0.0,self_edge,,,
521,412,412,0.0,0.0,0.0,0.0,0.0,self_edge,,,
522,413,413,0.0,0.0,0.0,0.0,0.0,self_edge,,,
523,414,414,0.0,0.0,0.0,0.0,0.0,self_edge,,,
524,415,415,0.0,0.0,0.0,0.0,0.0,self_edge,,,
525,416,416,0.0,0.0,0.0,0.0,0.0,self_edge,,,
526,417,417,0.0,0.0,0.0,0.0,0.0,self_edge,,,
527,418,418,0.0,0.0,0.0,0.0,0.0,self_edge,,,
528,419,419,0.0,0.0,0.0,0.0,0.0,self_edge,,,
529,420,420,0.0,0.0,0.0,0.0,0.0,self_edge,,,
530,421,421,0.0,0.0,0.0,0.0,0.0,self_edge,,,
531,422,422,0.0,0.0,0.0,0.0,0.0,self_edge,,,
532,424,424,0.0,0.0,0.0,0.0,0.0,self_edge,,,
533,426,426,0.0,0.0,0.0,0.0,0.0,self_edge,,,
534,427,427,0.0,0.0,0.0,0.0,0.0,self_edge,,,
535,428,428,0.0,0.0,0.0,0.0,0.0,self_edge,,,
536,430,430,0.0,0.0,0.0,0.0,0.0,self_edge,,,
537,431,431,0.0,0.0,0.0,0.0,0.0,self_edge,,,
538,433,433,0.0,0.0,0.0,0.0,0.0,self_edge,,,
539,434,434,0.0,0.0,0.0,0.0,0.0,self_edge,,,
540,435,435,0.0,0.0,0.0,0.0,0.0,self_edge,,,
541,436,436,0.0,0.0,0.0,0.0,0.0,self_edge,,,
542,437,437,0.0,0.0,0.0,0.0,0.0,self_edge,,,
543,438,438,0.0,0.0,0.0,0.0,0.0,self_edge,,,
544,439,439,0.0,0.0,0.0,0.0,0.0,self_edge,,,
545,440,440,0.0,0.0,0.0,0.0,0.0,self_edge,,,
546,441,441,0.0,0.0,0.0,0.0,0.0,self_edge,,,
547,442,442,0.0,0.0,0.0,0.0,0.0,self_edge,,,
548,444,444,0.0,0.0,0.0,0.0,0.0,self_edge,,,
549,445,445,0.0,0.0,0.0,0.0,0.0,self_edge,,,
550,447,447,0.0,0.0,0.0,0.0,0.0,self_edge,,,
551,449,449,0.0,0.0,0.0,0.0,0.0,self_edge,,,
552,454,454,0.0,0.0,0.0,0.0,0.0,self_edge,,,
553,456,456,0.0,0.0,0.0,0.0,0.0,self_edge,,,
554,457,457,0.0,0.0,0.0,0.0,0.0,self_edge,,,
555,458,458,0.0,0.0,0.0,0.0,0.0,self_edge,,,
556,459,459,0.0,0.0,0.0,0.0,0.0,self_edge,,,
557,464,464,0.0,0.0,0.0,0.0,0.0,self_edge,,,
558,465,465,0.0,0.0,0.0,0.0,0.0,self_edge,,,
559,466,466,0.0,0.0,0.0,0.0,0.0,self_edge,,,
560,467,467,0.0,0.0,0.0,0.0,0.0,self_edge,,,
561,470,470,0.0,0.0,0.0,0.0,0.0,self_edge,,,
562,472,472,0.0,0.0,0.0,0.0,0.0,self_edge,,,
563,475,475,0.0,0.0,0.0,0.0,0.0,self_edge,,,
564,476,476,0.0,0.0,0.0,0.0,0.0,self_edge,,,
565,479,479,0.0,0.0,0.0,0.0,0.0,self_edge,,,
566,480,480,0.0,0.0,0.0,0.0,0.0,self_edge,,,
567,481,481,0.0,0.0,0.0,0.0,0.0,self_edge,,,
568,482,482,0.0,0.0,0.0,0.0,0.0,self_edge,,,
569,485,485,0.0,0.0,0.0,0.0,0.0,self_edge,,,
570,486,486,0.0,0.0,0.0,0.0,0.0,self_edge,,,
571,488,488,0.0,0.0,0.0,0.0,0.0,self_edge,,,
572,489,489,0.0,0.0,0.0,0.0,0.0,self_edge,,,
573,493,493,0.0,0.0,0.0,0.0,0.0,self_edge,,,
574,495,495,0.0,0.0,0.0,0.0,0.0,self_edge,,,
575,496,496,0.0,0.0,0.0,0.0,0.0,self_edge,,,
576,497,497,0.0,0.0,0.0,0.0,0.0,self_edge,,,
577,498,498,0.0,0.0,0.0,0.0,0.0,self_edge,,,
578,500,500,0.0,0.0,0.0,0.0,0.0,self_edge,,,
579,501,501,0.0,0.0,0.0,0.0,0.0,self_edge,,,
580,502,502,0.0,0.0,0.0,0.0,0.0,self_edge,,,
581,508,508,0.0,0.0,0.0,0.0,0.0,self_edge,,,
582,517,517,0.0,0.0,0.0,0.0,0.0,self_edge,,,
583,523,523,0.0,0.0,0.0,0.0,0.0,self_edge,,,
584,526,526,0.0,0.0,0.0,0.0,0.0,self_edge,,,
585,530,530,0.0,0.0,0.0,0.0,0.0,self_edge,,,
586,535,535,0.0,0.0,0.0,0.0,0.0,self_edge,,,
587,551,551,0.0,0.0,0.0,0.0,0.0,self_edge,,,
588,553,553,0.0,0.0,0.0,0.0,0.0,self_edge,,,
589,558,558,0.0,0.0,0.0,0.0,0.0,self_edge,,,
590,560,560,0.0,0.0,0.0,0.0,0.0,self_edge,,,
591,566,566,0.0,0.0,0.0,0.0,0.0,self_edge,,,
592,567,567,0.0,0.0,0.0,0.0,0.0,self_edge,,,
593,571,571,0.0,0.0,0.0,0.0,0.0,self_edge,,,
594,572,572,0.0,0.0,0.0,0.0,0.0,self_edge,,,
595,573,573,0.0,0.0,0.0,0.0,0.0,self_edge,,,
596,576,576,0.0,0.0,0.0,0.0,0.0,self_edge,,,
597,579,579,0.0,0.0,0.0,0.0,0.0,self_edge,,,
598,583,583,0.0,0.0,0.0,0.0,0.0,self_edge,,,
599,585,585,0.0,0.0,0.0,0.0,0.0,self_edge,,,
600,587,587,0.0,0.0,0.0,0.0,0.0,self_edge,,,
601,590,590,0.0,0.0,0.0,0.0,0.0,self_edge,,,
602,591,591,0.0,0.0,0.0,0.0,0.0,self_edge,,,
603,595,595,0.0,0.0,0.0,0.0,0.0,self_edge,,,
604,599,599,0.0,0.0,0.0,0.0,0.0,self_edge,,,
605,601,601,0.0,0.0,0.0,0.0,0.0,self_edge,,,
606,604,604,0.0,0.0,0.0,0.0,0.0,self_edge,,,
607,606,606,0.0,0.0,0.0,0.0,0.0,self_edge,,,
608,607,607,0.0,0.0,0.0,0.0,0.0,self_edge,,,
609,612,612,0.0,0.0,0.0,0.0,0.0,self_edge,,,
610,613,613,0.0,0.0,0.0,0.0,0.0,self_edge,,,
611,614,614,0.0,0.0,0.0,0.0,0.0,self_edge,,,
612,615,615,0.0,0.0,0.0,0.0,0.0,self_edge,,,
613,616,616,0.0,0.0,0.0,0.0,0.0,self_edge,,,
614,619,619,0.0,0.0,0.0,0.0,0.0,self_edge,,,
615,621,621,0.0,0.0,0.0,0.0,0.0,self_edge,,,
616,626,626,0.0,0.0,0.0,0.0,0.0,self_edge,,,
617,627,627,0.0,0.0,0.0,0.0,0.0,self_edge,,,
618,630,630,0.0,0.0,0.0,0.0,0.0,self_edge,,,
619,632,632,0.0,0.0,0.0,0.0,0.0,self_edge,,,
620,634,634,0.0,0.0,0.0,0.0,0.0,self_edge,,,
621,635,635,0.0,0.0,0.0,0.0,0.0,self_edge,,,
622,637,637,0.0,0.0,0.0,0.0,0.0,self_edge,,,
623,640,640,0.0,0.0,0.0,0.0,0.0,self_edge,,,
624,641,641,0.0,0.0,0.0,0.0,0.0,self_edge,,,
625,642,642,0.0,0.0,0.0,0.0,0.0,self_edge,,,
626,649,649,0.0,0.0,0.0,0.0,0.0,self_edge,,,
627,651,651,0.0,0.0,0.0,0.0,0.0,self_edge,,,
628,654,654,0.0,0.0,0.0,0.0,0.0,self_edge,,,
629,655,655,0.0,0.0,0.0,0.0,0.0,self_edge,,,
630,657,657,0.0,0.0,0.0,0.0,0.0,self_edge,,,
631,661,661,0.0,0.0,0.0,0.0,0.0,self_edge,,,
632,662,662,0.0,0.0,0.0,0.0,0.0,self_edge,,,
633,664,664,0.0,0.0,0.0,0.0,0.0,self_edge,,,
634,665,665,0.0,0.0,0.0,0.0,0.0,self_edge,,,
635,666,666,0.0,0.0,0.0,0.0,0.0,self_edge,,,
636,667,667,0.0,0.0,0.0,0.0,0.0,self_edge,,,
637,669,669,0.0,0.0,0.0,0.0,0.0,self_edge,,,
638,673,673,0.0,0.0,0.0,0.0,0.0,self_edge,,,
639,674,674,0.0,0.0,0.0,0.0,0.0,self_edge,,,
640,678,678,0.0,0.0,0.0,0.0,0.0,self_edge,,,
641,679,679,0.0,0.0,0.0,0.0,0.0,self_edge,,,
642,681,681,0.0,0.0,0.0,0.0,0.0,self_edge,,,
643,683,683,0.0,0.0,0.0,0.0,0.0,self_edge,,,
644,684,684,0.0,0.0,0.0,0.0,0.0,self_edge,,,
645,685,685,0.0,0.0,0.0,0.0,0.0,self_edge,,,
646,686,686,0.0,0.0,0.0,0.0,0.0,self_edge,,,
647,687,687,0.0,0.0,0.0,0.0,0.0,self_edge,,,
648,689,689,0.0,0.0,0.0,0.0,0.0,self_edge,,,
649,691,691,0.0,0.0,0.0,0.0,0.0,self_edge,,,
650,692,692,0.0,0.0,0.0,0.0,0.0,self_edge,,,
651,693,693,0.0,0.0,0.0,0.0,0.0,self_edge,,,
652,695,695,0.0,0.0,0.0,0.0,0.0,self_edge,,,
653,698,698,0.0,0.0,0.0,0.0,0.0,self_edge,,,
654,699,699,0.0,0.0,0.0,0.0,0.0,self_edge,,,
655,700,700,0.0,0.0,0.0,0.0,0.0,self_edge,,,
656,702,702,0.0,0.0,0.0,0.0,0.0,self_edge,,,
657,705,705,0.0,0.0,0.0,0.0,0.0,self_edge,,,
658,707,707,0.0,0.0,0.0,0.0,0.0,self_edge,,,
659,710,710,0.0,0.0,0.0,0.0,0.0,self_edge,,,
660,711,711,0.0,0.0,0.0,0.0,0.0,self_edge,,,
661,712,712,0.0,0.0,0.0,0.0,0.0,self_edge,,,
662,713,713,0.0,0.0,0.0,0.0,0.0,self_edge,,,
663,714,714,0.0,0.0,0.0,0.0,0.0,self_edge,,,
664,718,718,0.0,0.0,0.0,0.0,0.0,self_edge,,,
665,719,719,0.0,0.0,0.0,0.0,0.0,self_edge,,,
666,720,720,0.0,0.0,0.0,0.0,0.0,self_edge,,,
667,723,723,0.0,0.0,0.0,0.0,0.0,self_edge,,,
668,724,724,0.0,0.0,0.0,0.0,0.0,self_edge,,,
669,725,725,0.0,0.0,0.0,0.0,0.0,self_edge,,,
670,726,726,0.0,0.0,0.0,0.0,0.0,self_edge,,,
671,727,727,0.0,0.0,0.0,0.0,0.0,self_edge,,,
672,728,728,0.0,0.0,0.0,0.0,0.0,self_edge,,,
673,729,729,0.0,0.0,0.0,0.0,0.0,self_edge,,,
674,731,731,0.0,0.0,0.0,0.0,0.0,self_edge,,,
675,733,733,0.0,0.0,0.0,0.0,0.0,self_edge,,,
676,734,734,0.0,0.0,0.0,0.0,0.0,self_edge,,,
677,736,736,0.0,0.0,0.0,0.0,0.0,self_edge,,,
678,737,737,0.0,0.0,0.0,0.0,0.0,self_edge,,,
679,738,738,0.0,0.0,0.0,0.0,0.0,self_edge,,,
680,740,740,0.0,0.0,0.0,0.0,0.0,self_edge,,,
681,742,742,0.0,0.0,0.0,0.0,0.0,self_edge,,,
682,743,743,0.0,0.0,0.0,0.0,0.0,self_edge,,,
683,744,744,0.0,0.0,0.0,0.0,0.0,self_edge,,,
684,746,746,0.0,0.0,0.0,0.0,0.0,self_edge,,,
685,748,748,0.0,0.0,0.0,0.0,0.0,self_edge,,,
686,749,749,0.0,0.0,0.0,0.0,0.0,self_edge,,,
687,750,750,0.0,0.0,0.0,0.0,0.0,self_edge,,,
688,751,751,0.0,0.0,0.0,0.0,0.0,self_edge,,,
689,754,754,0.0,0.0,0.0,0.0,0.0,self_edge,,,
690,756,756,0.0,0.0,0.0,0.0,0.0,self_edge,,,
691,757,757,0.0,0.0,0.0,0.0,0.0,self_edge,,,
692,758,758,0.0,0.0,0.0,0.0,0.0,self_edge,,,
693,759,759,0.0,0.0,0.0,0.0,0.0,self_edge,,,
694,760,760,0.0,0.0,0.0,0.0,0.0,self_edge,,,
695,761,761,0.0,0.0,0.0,0.0,0.0,self_edge,,,
696,762,762,0.0,0.0,0.0,0.0,0.0,self_edge,,,
697,763,763,0.0,0.0,0.0,0.0,0.0,self_edge,,,
698,764,764,0.0,0.0,0.0,0.0,0.0,self_edge,,,
699,765,765,0.0,0.0,0.0,0.0,0.0,self_edge,,,
700,766,766,0.0,0.0,0.0,0.0,0.0,self_edge,,,
701,767,767,0.0,0.0,0.0,0.0,0.0,self_edge,,,
702,769,769,0.0,0.0,0.0,0.0,0.0,self_edge,,,
703,770,770,0.0,0.0,0.0,0.0,0.0,self_edge,,,
704,772,772,0.0,0.0,0.0,0.0,0.0,self_edge,,,
705,776,776,0.0,0.0,0.0,0.0,0.0,self_edge,,,
706,777,777,0.0,0.0,0.0,0.0,0.0,self_edge,,,
707,778,778,0.0,0.0,0.0,0.0,0.0,self_edge,,,
708,783,783,0.0,0.0,0.0,0.0,0.0,self_edge,,,
709,791,791,0.0,0.0,0.0,0.0,0.0,self_edge,,,
710,792,792,0.0,0.0,0.0,0.0,0.0,self_edge,,,
711,808,808,0.0,0.0,0.0,0.0,0.0,self_edge,,,
712,809,809,0.0,0.0,0.0,0.0,0.0,self_edge,,,
713,811,811,0.0,0.0,0.0,0.0,0.0,self_edge,,,
714,813,813,0.0,0.0,0.0,0.0,0.0,self_edge,,,
715,821,821,0.0,0.0,0.0,0.0,0.0,self_edge,,,
716,825,825,0.0,0.0,0.0,0.0,0.0,self_edge,,,
717,826,826,0.0,0.0,0.0,0.0,0.0,self_edge,,,
718,827,827,0.0,0.0,0.0,0.0,0.0,self_edge,,,
719,828,828,0.0,0.0,0.0,0.0,0.0,self_edge,,,
720,836,836,0.0,0.0,0.0,0.0,0.0,self_edge,,,
721,841,841,0.0,0.0,0.0,0.0,0.0,self_edge,,,
722,844,844,0.0,0.0,0.0,0.0,0.0,self_edge,,,
723,848,848,0.0,0.0,0.0,0.0,0.0,self_edge,,,
724,849,849,0.0,0.0,0.0,0.0,0.0,self_edge,,,
725,850,850,0.0,0.0,0.0,0.0,0.0,self_edge,,,
726,851,851,0.0,0.0,0.0,0.0,0.0,self_edge,,,
727,852,852,0.0,0.0,0.0,0.0,0.0,self_edge,,,
728,853,853,0.0,0.0,0.0,0.0,0.0,self_edge,,,
729,856,856,0.0,0.0,0.0,0.0,0.0,self_edge,,,
730,863,863,0.0,0.0,0.0,0.0,0.0,self_edge,,,
731,864,864,0.0,0.0,0.0,0.0,0.0,self_edge,,,
732,871,871,0.0,0.0,0.0,0.0,0.0,self_edge,,,
733,879,879,0.0,0.0,0.0,0.0,0.0,self_edge,,,
734,882,882,0.0,0.0,0.0,0.0,0.0,self_edge,,,
735,883,883,0.0,0.0,0.0,0.0,0.0,self_edge,,,
736,886,886,0.0,0.0,0.0,0.0,0.0,self_edge,,,
737,890,890,0.0,0.0,0.0,0.0,0.0,self_edge,,,
738,893,893,0.0,0.0,0.0,0.0,0.0,self_edge,,,
739,894,894,0.0,0.0,0.0,0.0,0.0,self_edge,,,
740,896,896,0.0,0.0,0.0,0.0,0.0,self_edge,,,
741,897,897,0.0,0.0,0.0,0.0,0.0,self_edge,,,
742,900,900,0.0,0.0,0.0,0.0,0.0,self_edge,,,
743,901,901,0.0,0.0,0.0,0.0,0.0,self_edge,,,
744,902,902,0.0,0.0,0.0,0.0,0.0,self_edge,,,
745,904,904,0.0,0.0,0.0,0.0,0.0,self_edge,,,
746,912,912,0.0,0.0,0.0,0.0,0.0,self_edge,,,
747,914,914,0.0,0.0,0.0,0.0,0.0,self_edge,,,
748,916,916,0.0,0.0,0.0,0.0,0.0,self_edge,,,
749,922,922,0.0,0.0,0.0,0.0,0.0,self_edge,,,
750,926,926,0.0,0.0,0.0,0.0,0.0,self_edge,,,
751,927,927,0.0,0.0,0.0,0.0,0.0,self_edge,,,
752,928,928,0.0,0.0,0.0,0.0,0.0,self_edge,,,
753,929,929,0.0,0.0,0.0,0.0,0.0,self_edge,,,
754,932,932,0.0,0.0,0.0,0.0,0.0,self_edge,,,
755,938,938,0.0,0.0,0.0,0.0,0.0,self_edge,,,
756,940,940,0.0,0.0,0.0,0.0,0.0,self_edge,,,
757,942,942,0.0,0.0,0.0,0.0,0.0,self_edge,,,
758,944,944,0.0,0.0,0.0,0.0,0.0,self_edge,,,
759,946,946,0.0,0.0,0.0,0.0,0.0,self_edge,,,
760,947,947,0.0,0.0,0.0,0.0,0.0,self_edge,,,
761,949,949,0.0,0.0,0.0,0.0,0.0,self_edge,,,
762,951,951,0.0,0.0,0.0,0.0,0.0,self_edge,,,
763,952,952,0.0,0.0,0.0,0.0,0.0,self_edge,,,
764,956,956,0.0,0.0,0.0,0.0,0.0,self_edge,,,
765,959,959,0.0,0.0,0.0,0.0,0.0,self_edge,,,
766,961,961,0.0,0.0,0.0,0.0,0.0,self_edge,,,
767,962,962,0.0,0.0,0.0,0.0,0.0,self_edge,,,
768,965,965,0.0,0.0,0.0,0.0,0.0,self_edge,,,
769,967,967,0.0,0.0,0.0,0.0,0.0,self_edge,,,
770,968,968,0.0,0.0,0.0,0.0,0.0,self_edge,,,
771,971,971,0.0,0.0,0.0,0.0,0.0,self_edge,,,
772,973,973,0.0,0.0,0.0,0.0,0.0,self_edge,,,
773,974,974,0.0,0.0,0.0,0.0,0.0,self_edge,,,
774,975,975,0.0,0.0,0.0,0.0,0.0,self_edge,,,
775,976,976,0.0,0.0,0.0,0.0,0.0,self_edge,,,
776,979,979,0.0,0.0,0.0,0.0,0.0,self_edge,,,
777,983,983,0.0,0.0,0.0,0.0,0.0,self_edge,,,
778,985,985,0.0,0.0,0.0,0.0,0.0,self_edge,,,
779,987,987,0.0,0.0,0.0,0.0,0.0,self_edge,,,
780,988,988,0.0,0.0,0.0,0.0,0.0,self_edge,,,
781,989,989,0.0,0.0,0.0,0.0,0.0,self_edge,,,
782,991,991,0.0,0.0,0.0,0.0,0.0,self_edge,,,
783,992,992,0.0,0.0,0.0,0.0,0.0,self_edge,,,
784,993,993,0.0,0.0,0.0,0.0,0.0,self_edge,,,
785,995,995,0.0,0.0,0.0,0.0,0.0,self_edge,,,
786,997,997,0.0,0.0,0.0,0.0,0.0,self_edge,,,
787,998,998,0.0,0.0,0.0,0.0,0.0,self_edge,,,
788,999,999,0.0,0.0,0.0,0.0,0.0,self_edge,,,
789,1000,1000,0.0,0.0,0.0,0.0,0.0,self_edge,,,
790,1001,1001,0.0,0.0,0.0,0.0,0.0,self_edge,,,
791,1004,1004,0.0,0.0,0.0,0.0,0.0,self_edge,,,
792,1008,1008,0.0,0.0,0.0,0.0,0.0,self_edge,,,
793,1009,1009,0.0,0.0,0.0,0.0,0.0,self_edge,,,
794,1014,1014,0.0,0.0,0.0,0.0,0.0,self_edge,,,
795,1015,1015,0.0,0.0,0.0,0.0,0.0,self_edge,,,
796,1016,1016,0.0,0.0,0.0,0.0,0.0,self_edge,,,
797,1017,1017,0.0,0.0,0.0,0.0,0.0,self_edge,,,
798,1018,1018,0.0,0.0,0.0,0.0,0.0,self_edge,,,
799,1019,1019,0.0,0.0,0.0,0.0,0.0,self_edge,,,
800,1020,1020,0.0,0.0,0.0,0.0,0.0,self_edge,,,
801,1022,1022,0.0,0.0,0.0,0.0,0.0,self_edge,,,
802,1023,1023,0.0,0.0,0.0,0.0,0.0,self_edge,,,
803,1024,1024,0.0,0.0,0.0,0.0,0.0,self_edge,,,
804,1026,1026,0.0,0.0,0.0,0.0,0.0,self_edge,,,
805,1027,1027,0.0,0.0,0.0,0.0,0.0,self_edge,,,
806,1028,1028,0.0,0.0,0.0,0.0,0.0,self_edge,,,
807,1029,1029,0.0,0.0,0.0,0.0,0.0,self_edge,,,
808,1030,1030,0.0,0.0,0.0,0.0,0.0,self_edge,,,
809,1032,1032,0.0,0.0,0.0,0.0,0.0,self_edge,,,
810,1033,1033,0.0,0.0,0.0,0.0,0.0,self_edge,,,
811,1034,1034,0.0,0.0,0.0,0.0,0.0,self_edge,,,
812,1035,1035,0.0,0.0,0.0,0.0,0.0,self_edge,,,
813,1038,1038,0.0,0.0,0.0,0.0,0.0,self_edge,,,
814,1040,1040,0.0,0.0,0.0,0.0,0.0,self_edge,,,
815,1041,1041,0.0,0.0,0.0,0.0,0.0,self_edge,,,
816,1043,1043,0.0,0.0,0.0,0.0,0.0,self_edge,,,
817,1044,1044,0.0,0.0,0.0,0.0,0.0,self_edge,,,
818,1045,1045,0.0,0.0,0.0,0.0,0.0,self_edge,,,
819,1046,1046,0.0,0.0,0.0,0.0,0.0,self_edge,,,
820,1047,1047,0.0,0.0,0.0,0.0,0.0,self_edge,,,
821,1049,1049,0.0,0.0,0.0,0.0,0.0,self_edge,,,
822,1051,1051,0.0,0.0,0.0,0.0,0.0,self_edge,,,
823,1053,1053,0.0,0.0,0.0,0.0,0.0,self_edge,,,
824,1054,1054,0.0,0.0,0.0,0.0,0.0,self_edge,,,
825,1055,1055,0.0,0.0,0.0,0.0,0.0,self_edge,,,
826,1056,1056,0.0,0.0,0.0,0.0,0.0,self_edge,,,
827,1057,1057,0.0,0.0,0.0,0.0,0.0,self_edge,,,
828,1058,1058,0.0,0.0,0.0,0.0,0.0,self_edge,,,
829,1060,1060,0.0,0.0,0.0,0.0,0.0,self_edge,,,
830,1061,1061,0.0,0.0,0.0,0.0,0.0,self_edge,,,
831,1062,1062,0.0,0.0,0.0,0.0,0.0,self_edge,,,
832,1063,1063,0.0,0.0,0.0,0.0,0.0,self_edge,,,
833,1064,1064,0.0,0.0,0.0,0.0,0.0,self_edge,,,
834,1065,1065,0.0,0.0,0.0,0.0,0.0,self_edge,,,
835,1067,1067,0.0,0.0,0.0,0.0,0.0,self_edge,,,
836,1068,1068,0.0,0.0,0.0,0.0,0.0,self_edge,,,
837,1069,1069,0.0,0.0,0.0,0.0,0.0,self_edge,,,
838,1073,1073,0.0,0.0,0.0,0.0,0.0,self_edge,,,
839,1075,1075,0.0,0.0,0.0,0.0,0.0,self_edge,,,
840,1076,1076,0.0,0.0,0.0,0.0,0.0,self_edge,,,
841,1077,1077,0.0,0.0,0.0,0.0,0.0,self_edge,,,
842,1078,1078,0.0,0.0,0.0,0.0,0.0,self_edge,,,
843,1079,1079,0.0,0.0,0.0,0.0,0.0,self_edge,,,
844,1080,1080,0.0,0.0,0.0,0.0,0.0,self_edge,,,
845,1081,1081,0.0,0.0,0.0,0.0,0.0,self_edge,,,
846,1083,1083,0.0,0.0,0.0,0.0,0.0,self_edge,,,
847,1084,1084,0.0,0.0,0.0,0.0,0.0,self_edge,,,
848,1085,1085,0.0,0.0,0.0,0.0,0.0,self_edge,,,
849,1086,1086,0.0,0.0,0.0,0.0,0.0,self_edge,,,
850,1087,1087,0.0,0.0,0.0,0.0,0.0,self_edge,,,
851,1088,1088,0.0,0.0,0.0,0.0,0.0,self_edge,,,
852,1090,1090,0.0,0.0,0.0,0.0,0.0,self_edge,,,
853,1091,1091,0.0,0.0,0.0,0.0,0.0,self_edge,,,
854,1093,1093,0.0,0.0,0.0,0.0,0.0,self_edge,,,
855,1094,1094,0.0,0.0,0.0,0.0,0.0,self_edge,,,
856,1095,1095,0.0,0.0,0.0,0.0,0.0,self_edge,,,
857,1096,1096,0.0,0.0,0.0,0.0,0.0,self_edge,,,
858,1097,1097,0.0,0.0,0.0,0.0,0.0,self_edge,,,
859,1098,1098,0.0,0.0,0.0,0.0,0.0,self_edge,,,
860,1231,1231,0.0,0.0,0.0,0.0,0.0,self_edge,,,
861,1273,1273,0.0,0.0,0.0,0.0,0.0,self_edge,,,
862,1294,1294,0.0,0.0,0.0,0.0,0.0,self_edge,,,
863,1334,1334,0.0,0.0,0.0,0.0,0.0,self_edge,,,
864,1339,1339,0.0,0.0,0.0,0.0,0.0,self_edge,,,
865,1351,1351,0.0,0.0,0.0,0.0,0.0,self_edge,,,
866,1359,1359,0.0,0.0,0.0,0.0,0.0,self_edge,,,
867,1397,1397,0.0,0.0,0.0,0.0,0.0,self_edge,,,
868,1401,1401,0.0,0.0,0.0,0.0,0.0,self_edge,,,
869,1445,1445,0.0,0.0,0.0,0.0,0.0,self_edge,,,
870,1511,1511,0.0,0.0,0.0,0.0,0.0,self_edge,,,
871,1591,1591,0.0,0.0,0.0,0.0,0.0,self_edge,,,
872,1626,1626,0.0,0.0,0.0,0.0,0.0,self_edge,,,
873,1646,1646,0.0,0.0,0.0,0.0,0.0,self_edge,,,
874,1652,1652,0.0,0.0,0.0,0.0,0.0,self_edge,,,
875,1653,1653,0.0,0.0,0.0,0.0,0.0,self_edge,,,
876,1656,1656,0.0,0.0,0.0,0.0,0.0,self_edge,,,
877,1672,1672,0.0,0.0,0.0,0.0,0.0,self_edge,,,
878,1674,1674,0.0,0.0,0.0,0.0,0.0,self_edge,,,
879,1677,1677,0.0,0.0,0.0,0.0,0.0,self_edge,,,
880,1689,1689,0.0,0.0,0.0,0.0,0.0,self_edge,,,
881,1690,1690,0.0,0.0,0.0,0.0,0.0,self_edge,,,
882,1695,1695,0.0,0.0,0.0,0.0,0.0,self_edge,,,
883,1699,1699,0.0,0.0,0.0,0.0,0.0,self_edge,,,
884,1702,1702,0.0,0.0,0.0,0.0,0.0,self_edge,,,
885,1704,1704,0.0,0.0,0.0,0.0,0.0,self_edge,,,
886,1709,1709,0.0,0.0,0.0,0.0,0.0,self_edge,,,
887,1710,1710,0.0,0.0,0.0,0.0,0.0,self_edge,,,
888,1714,1714,0.0,0.0,0.0,0.0,0.0,self_edge,,,
889,1716,1716,0.0,0.0,0.0,0.0,0.0,self_edge,,,
890,1717,1717,0.0,0.0,0.0,0.0,0.0,self_edge,,,
891,1719,1719,0.0,0.0,0.0,0.0,0.0,self_edge,,,
892,1721,1721,0.0,0.0,0.0,0.0,0.0,self_edge,,,
893,1722,1722,0.0,0.0,0.0,0.0,0.0,self_edge,,,
894,1723,1723,0.0,0.0,0.0,0.0,0.0,self_edge,,,
895,1729,1729,0.0,0.0,0.0,0.0,0.0,self_edge,,,
896,1730,1730,0.0,0.0,0.0,0.0,0.0,self_edge,,,
897,1731,1731,0.0,0.0,0.0,0.0,0.0,self_edge,,,
898,1737,1737,0.0,0.0,0.0,0.0,0.0,self_edge,,,
899,1742,1742,0.0,0.0,0.0,0.0,0.0,self_edge,,,
900,1749,1749,0.0,0.0,0.0,0.0,0.0,self_edge,,,
901,1750,1750,0.0,0.0,0.0,0.0,0.0,self_edge,,,
902,1752,1752,0.0,0.0,0.0,0.0,0.0,self_edge,,,
903,1753,1753,0.0,0.0,0.0,0.0,0.0,self_edge,,,
904,1755,1755,0.0,0.0,0.0,0.0,0.0,self_edge,,,
905,1756,1756,0.0,0.0,0.0,0.0,0.0,self_edge,,,
906,1757,1757,0.0,0.0,0.0,0.0,0.0,self_edge,,,
907,1758,1758,0.0,0.0,0.0,0.0,0.0,self_edge,,,
908,1759,1759,0.0,0.0,0.0,0.0,0.0,self_edge,,,
909,1761,1761,0.0,0.0,0.0,0.0,0.0,self_edge,,,
910,1765,1765,0.0,0.0,0.0,0.0,0.0,self_edge,,,
911,1766,1766,0.0,0.0,0.0,0.0,0.0,self_edge,,,
912,1767,1767,0.0,0.0,0.0,0.0,0.0,self_edge,,,
913,1771,1771,0.0,0.0,0.0,0.0,0.0,self_edge,,,
914,1775,1775,0.0,0.0,0.0,0.0,0.0,self_edge,,,
915,1776,1776,0.0,0.0,0.0,0.0,0.0,self_edge,,,
916,1777,1777,0.0,0.0,0.0,0.0,0.0,self_edge,,,
917,1783,1783,0.0,0.0,0.0,0.0,0.0,self_edge,,,
918,1786,1786,0.0,0.0,0.0,0.0,0.0,self_edge,,,
919,1789,1789,0.0,0.0,0.0,0.0,0.0,self_edge,,,
920,1790,1790,0.0,0.0,0.0,0.0,0.0,self_edge,,,
921,1794,1794,0.0,0.0,0.0,0.0,0.0,self_edge,,,
922,1795,1795,0.0,0.0,0.0,0.0,0.0,self_edge,,,
923,1796,1796,0.0,0.0,0.0,0.0,0.0,self_edge,,,
924,1798,1798,0.0,0.0,0.0,0.0,0.0,self_edge,,,
925,1801,1801,0.0,0.0,0.0,0.0,0.0,self_edge,,,
926,1803,1803,0.0,0.0,0.0,0.0,0.0,self_edge,,,
927,1804,1804,0.0,0.0,0.0,0.0,0.0,self_edge,,,
928,1805,1805,0.0,0.0,0.0,0.0,0.0,self_edge,,,
929,1808,1808,0.0,0.0,0.0,0.0,0.0,self_edge,,,
930,1809,1809,0.0,0.0,0.0,0.0,0.0,self_edge,,,
931,1810,1810,0.0,0.0,0.0,0.0,0.0,self_edge,,,
932,1813,1813,0.0,0.0,0.0,0.0,0.0,self_edge,,,
933,1814,1814,0.0,0.0,0.0,0.0,0.0,self_edge,,,
934,1815,1815,0.0,0.0,0.0,0.0,0.0,self_edge,,,
935,1817,1817,0.0,0.0,0.0,0.0,0.0,self_edge,,,
936,1818,1818,0.0,0.0,0.0,0.0,0.0,self_edge,,,
937,1822,1822,0.0,0.0,0.0,0.0,0.0,self_edge,,,
938,1823,1823,0.0,0.0,0.0,0.0,0.0,self_edge,,,
939,1824,1824,0.0,0.0,0.0,0.0,0.0,self_edge,,,
940,1827,1827,0.0,0.0,0.0,0.0,0.0,self_edge,,,
941,1829,1829,0.0,0.0,0.0,0.0,0.0,self_edge,,,
942,1830,1830,0.0,0.0,0.0,0.0,0.0,self_edge,,,
943,1831,1831,0.0,0.0,0.0,0.0,0.0,self_edge,,,
944,1835,1835,0.0,0.0,0.0,0.0,0.0,self_edge,,,
945,1840,1840,0.0,0.0,0.0,0.0,0.0,self_edge,,,
946,1843,1843,0.0,0.0,0.0,0.0,0.0,self_edge,,,
947,1845,1845,0.0,0.0,0.0,0.0,0.0,self_edge,,,
948,1849,1849,0.0,0.0,0.0,0.0,0.0,self_edge,,,
949,1850,1850,0.0,0.0,0.0,0.0,0.0,self_edge,,,
950,1851,1851,0.0,0.0,0.0,0.0,0.0,self_edge,,,
951,1855,1855,0.0,0.0,0.0,0.0,0.0,self_edge,,,
952,1856,1856,0.0,0.0,0.0,0.0,0.0,self_edge,,,
953,1858,1858,0.0,0.0,0.0,0.0,0.0,self_edge,,,
954,1861,1861,0.0,0.0,0.0,0.0,0.0,self_edge,,,
955,1862,1862,0.0,0.0,0.0,0.0,0.0,self_edge,,,
956,1863,1863,0.0,0.0,0.0,0.0,0.0,self_edge,,,
957,1865,1865,0.0,0.0,0.0,0.0,0.0,self_edge,,,
958,1869,1869,0.0,0.0,0.0,0.0,0.0,self_edge,,,
959,1870,1870,0.0,0.0,0.0,0.0,0.0,self_edge,,,
960,1871,1871,0.0,0.0,0.0,0.0,0.0,self_edge,,,
961,1873,1873,0.0,0.0,0.0,0.0,0.0,self_edge,,,
962,1875,1875,0.0,0.0,0.0,0.0,0.0,self_edge,,,
963,1877,1877,0.0,0.0,0.0,0.0,0.0,self_edge,,,
964,1878,1878,0.0,0.0,0.0,0.0,0.0,self_edge,,,
965,1879,1879,0.0,0.0,0.0,0.0,0.0,self_edge,,,
966,1880,1880,0.0,0.0,0.0,0.0,0.0,self_edge,,,
967,1881,1881,0.0,0.0,0.0,0.0,0.0,self_edge,,,
968,1882,1882,0.0,0.0,0.0,0.0,0.0,self_edge,,,
969,1883,1883,0.0,0.0,0.0,0.0,0.0,self_edge,,,
970,1885,1885,0.0,0.0,0.0,0.0,0.0,self_edge,,,
971,1886,1886,0.0,0.0,0.0,0.0,0.0,self_edge,,,
972,1888,1888,0.0,0.0,0.0,0.0,0.0,self_edge,,,
973,1890,1890,0.0,0.0,0.0,0.0,0.0,self_edge,,,
974,1894,1894,0.0,0.0,0.0,0.0,0.0,self_edge,,,
975,1895,1895,0.0,0.0,0.0,0.0,0.0,self_edge,,,
976,1897,1897,0.0,0.0,0.0,0.0,0.0,self_edge,,,
977,1898,1898,0.0,0.0,0.0,0.0,0.0,self_edge,,,
978,1899,1899,0.0,0.0,0.0,0.0,0.0,self_edge,,,
979,1900,1900,0.0,0.0,0.0,0.0,0.0,self_edge,,,
980,1902,1902,0.0,0.0,0.0,0.0,0.0,self_edge,,,
981,1905,1905,0.0,0.0,0.0,0.0,0.0,self_edge,,,
982,1907,1907,0.0,0.0,0.0,0.0,0.0,self_edge,,,
983,1910,1910,0.0,0.0,0.0,0.0,0.0,self_edge,,,
984,1911,1911,0.0,0.0,0.0,0.0,0.0,self_edge,,,
985,1912,1912,0.0,0.0,0.0,0.0,0.0,self_edge,,,
986,1913,1913,0.0,0.0,0.0,0.0,0.0,self_edge,,,
987,1915,1915,0.0,0.0,0.0,0.0,0.0,self_edge,,,
988,1916,1916,0.0,0.0,0.0,0.0,0.0,self_edge,,,
989,1919,1919,0.0,0.0,0.0,0.0,0.0,self_edge,,,
990,1923,1923,0.0,0.0,0.0,0.0,0.0,self_edge,,,
991,1925,1925,0.0,0.0,0.0,0.0,0.0,self_edge,,,
992,1926,1926,0.0,0.0,0.0,0.0,0.0,self_edge,,,
993,1928,1928,0.0,0.0,0.0,0.0,0.0,self_edge,,,
994,1929,1929,0.0,0.0,0.0,0.0,0.0,self_edge,,,
995,1931,1931,0.0,0.0,0.0,0.0,0.0,self_edge,,,
996,1932,1932,0.0,0.0,0.0,0.0,0.0,self_edge,,,
997,1934,1934,0.0,0.0,0.0,0.0,0.0,self_edge,,,
998,1935,1935,0.0,0.0,0.0,0.0,0.0,self_edge,,,
999,1936,1936,0.0,0.0,0.0,0.0,0.0,self_edge,,,
1000,1938,1938,0.0,0.0,0.0,0.0,0.0,self_edge,,,
1001,1940,1940,0.0,0.0,0.0,0.0,0.0,self_edge,,,
1002,1942,1942,0.0,0.0,0.0,0.0,0.0,self_edge,,,
1003,1943,1943,0.0,0.0,0.0,0.0,0.0,self_edge,,,
1004,1944,1944,0.0,0.0,0.0,0.0,0.0,self_edge,,,
1005,1946,1946,0.0,0.0,0.0,0.0,0.0,self_edge,,,
1006,1947,1947,0.0,0.0,0.0,0.0,0.0,self_edge,,,
1007,1948,1948,0.0,0.0,0.0,0.0,0.0,self_edge,,,
1008,1949,1949,0.0,0.0,0.0,0.0,0.0,self_edge,,,
1009,1950,1950,0.0,0.0,0.0,0.0,0.0,self_edge,,,
1010,1951,1951,0.0,0.0,0.0,0.0,0.0,self_edge,,,
1011,1953,1953,0.0,0.0,0.0,0.0,0.0,self_edge,,,
1012,1955,1955,0.0,0.0,0.0,0.0,0.0,self_edge,,,
1013,1957,1957,0.0,0.0,0.0,0.0,0.0,self_edge,,,
1014,1960,1960,0.0,0.0,0.0,0.0,0.0,self_edge,,,
1015,1963,1963,0.0,0.0,0.0,0.0,0.0,self_edge,,,
1016,1964,1964,0.0,0.0,0.0,0.0,0.0,self_edge,,,
1017,1965,1965,0.0,0.0,0.0,0.0,0.0,self_edge,,,
1018,1967,1967,0.0,0.0,0.0,0.0,0.0,self_edge,,,
1019,1968,1968,0.0,0.0,0.0,0.0,0.0,self_edge,,,
1020,1969,1969,0.0,0.0,0.0,0.0,0.0,self_edge,,,
1021,1970,1970,0.0,0.0,0.0,0.0,0.0,self_edge,,,
1022,1973,1973,0.0,0.0,0.0,0.0,0.0,self_edge,,,
1023,1974,1974,0.0,0.0,0.0,0.0,0.0,self_edge,,,
1024,1975,1975,0.0,0.0,0.0,0.0,0.0,self_edge,,,
1025,1976,1976,0.0,0.0,0.0,0.0,0.0,self_edge,,,
1026,1979,1979,0.0,0.0,0.0,0.0,0.0,self_edge,,,
1027,1980,1980,0.0,0.0,0.0,0.0,0.0,self_edge,,,
1028,1981,1981,0.0,0.0,0.0,0.0,0.0,self_edge,,,
1029,1983,1983,0.0,0.0,0.0,0.0,0.0,self_edge,,,
1030,1984,1984,0.0,0.0,0.0,0.0,0.0,self_edge,,,
1031,1985,1985,0.0,0.0,0.0,0.0,0.0,self_edge,,,
1032,1990,1990,0.0,0.0,0.0,0.0,0.0,self_edge,,,
1033,1992,1992,0.0,0.0,0.0,0.0,0.0,self_edge,,,
1034,1994,1994,0.0,0.0,0.0,0.0,0.0,self_edge,,,
1035,1995,1995,0.0,0.0,0.0,0.0,0.0,self_edge,,,
1036,1996,1996,0.0,0.0,0.0,0.0,0.0,self_edge,,,
1037,1998,1998,0.0,0.0,0.0,0.0,0.0,self_edge,,,
1038,1999,1999,0.0,0.0,0.0,0.0,0.0,self_edge,,,
1039,2001,2001,0.0,0.0,0.0,0.0,0.0,self_edge,,,
1040,2002,2002,0.0,0.0,0.0,0.0,0.0,self_edge,,,
1041,2003,2003,0.0,0.0,0.0,0.0,0.0,self_edge,,,
1042,2004,2004,0.0,0.0,0.0,0.0,0.0,self_edge,,,
1043,2005,2005,0.0,0.0,0.0,0.0,0.0,self_edge,,,
1044,2007,2007,0.0,0.0,0.0,0.0,0.0,self_edge,,,
1045,2008,2008,0.0,0.0,0.0,0.0,0.0,self_edge,,,
1046,2009,2009,0.0,0.0,0.0,0.0,0.0,self_edge,,,
1047,2010,2010,0.0,0.0,0.0,0.0,0.0,self_edge,,,
1048,2011,2011,0.0,0.0,0.0,0.0,0.0,self_edge,,,
1049,2012,2012,0.0,0.0,0.0,0.0,0.0,self_edge,,,
1050,2013,2013,0.0,0.0,0.0,0.0,0.0,self_edge,,,
1051,2014,2014,0.0,0.0,0.0,0.0,0.0,self_edge,,,
1052,2015,2015,0.0,0.0,0.0,0.0,0.0,self_edge,,,
1053,2017,2017,0.0,0.0,0.0,0.0,0.0,self_edge,,,
1054,2018,2018,0.0,0.0,0.0,0.0,0.0,self_edge,,,
1055,2019,2019,0.0,0.0,0.0,0.0,0.0,self_edge,,,
1056,2020,2020,0.0,0.0,0.0,0.0,0.0,self_edge,,,
1057,2021,2021,0.0,0.0,0.0,0.0,0.0,self_edge,,,
1058,2022,2022,0.0,0.0,0.0,0.0,0.0,self_edge,,,
1059,2024,2024,0.0,0.0,0.0,0.0,0.0,self_edge,,,
1060,2026,2026,0.0,0.0,0.0,0.0,0.0,self_edge,,,
1061,2029,2029,0.0,0.0,0.0,0.0,0.0,self_edge,,,
1062,2030,2030,0.0,0.0,0.0,0.0,0.0,self_edge,,,
1063,2031,2031,0.0,0.0,0.0,0.0,0.0,self_edge,,,
1064,2033,2033,0.0,0.0,0.0,0.0,0.0,self_edge,,,
1065,2034,2034,0.0,0.0,0.0,0.0,0.0,self_edge,,,
1066,2035,2035,0.0,0.0,0.0,0.0,0.0,self_edge,,,
1067,2037,2037,0.0,0.0,0.0,0.0,0.0,self_edge,,,
1068,2038,2038,0.0,0.0,0.0,0.0,0.0,self_edge,,,
